{"cameraMode":{"drawMode":0,"name":"Shaded","section":"Shading Mode"},"sceneLighting":true,"audioPlay":false,"sceneViewState":{"m_AlwaysRefresh":false,"showFog":true,"showSkybox":true,"showFlares":true,"showImageEffects":true,"showParticleSystems":true,"showVisualEffectGraphs":true,"m_FxEnabled":true},"in2DMode":false,"pivot":{"x":-0.6728649139404297,"y":-2.1618566513061525,"z":-0.5311574935913086},"rotation":{"x":0.5736410617828369,"y":0.029472103342413904,"z":-0.02066001296043396,"w":0.8183160424232483},"size":12.985612869262696,"orthographic":false}